{"cameraMode":{"drawMode":0,"name":"Shaded","section":"Shading Mode"},"sceneLighting":false,"audioPlay":false,"sceneViewState":{"m_AlwaysRefresh":false,"showFog":true,"showSkybox":false,"showFlares":true,"showImageEffects":true,"showParticleSystems":true,"showVisualEffectGraphs":true,"m_FxEnabled":true},"in2DMode":false,"pivot":{"x":0.09843716025352478,"y":0.5547642707824707,"z":1.0892906188964844},"rotation":{"x":-0.015268465504050255,"y":0.9768517017364502,"z":-0.19994781911373139,"w":-0.07458441704511643},"size":0.1330127716064453,"orthographic":false}