{"cameraMode":{"drawMode":0,"name":"Shaded","section":"Shading Mode"},"sceneLighting":false,"audioPlay":false,"sceneViewState":{"m_AlwaysRefresh":false,"showFog":true,"showSkybox":false,"showFlares":true,"showImageEffects":true,"showParticleSystems":true,"showVisualEffectGraphs":true,"m_FxEnabled":true},"in2DMode":false,"pivot":{"x":3.821274757385254,"y":1.269226312637329,"z":23.732633590698243},"rotation":{"x":0.21138262748718263,"y":0.08929093182086945,"z":-0.019395655021071435,"w":0.9731252193450928},"size":1.3330128192901612,"orthographic":false}