{"cameraMode":{"drawMode":0,"name":"Shaded","section":"Shading Mode"},"sceneLighting":true,"audioPlay":false,"sceneViewState":{"m_AlwaysRefresh":false,"showFog":true,"showSkybox":true,"showFlares":true,"showImageEffects":true,"showParticleSystems":true,"showVisualEffectGraphs":true,"m_FxEnabled":true},"in2DMode":false,"pivot":{"x":540.9974365234375,"y":305.52752685546877,"z":91.9351806640625},"rotation":{"x":0.048188380897045138,"y":0.06469499319791794,"z":-0.003116363426670432,"w":0.9967639446258545},"size":456.93499755859377,"orthographic":false}